id_regle,element_contraint,id_element_contraint,valeur_bool,Valeur_dis,valeur_reel,formule_dis,formule_reel,interdiction,autorisation,quali_information,quali_justification,quali_contrainte,package,free,id_free,is_opt,to_opt,id_to_opt,opt_min,opt_max
1,NULL,NULL,NULL,NULL,NULL,NULL,NULL,1,0,0,0,0,0,NULL,NULL,0,NULL,NULL,0,0
10,NULL,NULL,NULL,NULL,NULL,NULL,NULL,0,0,1,0,0,0,NULL,NULL,0,NULL,NULL,0,0
100,NULL,NULL,NULL,NULL,NULL,NULL,NULL,0,1,0,0,0,0,NULL,NULL,0,NULL,NULL,0,0
101,NULL,NULL,NULL,NULL,NULL,NULL,NULL,0,1,0,0,0,0,NULL,NULL,0,NULL,NULL,0,0
102,NULL,NULL,NULL,NULL,NULL,NULL,NULL,0,1,0,0,0,0,NULL,NULL,0,NULL,NULL,0,0
103,implantation_alignement_6_AUT,1043,TRUE,NULL,NULL,NULL,NULL,0,0,0,0,0,0,NULL,NULL,0,NULL,NULL,0,0
104,implantation_retrait_6_AUT,1045,TRUE,NULL,NULL,NULL,NULL,0,0,0,0,0,0,NULL,NULL,0,NULL,NULL,0,0
105,marge_retrait_6,1505,NULL,2,2,NULL,NULL,0,0,0,0,0,0,NULL,NULL,0,NULL,NULL,0,0
106,implantation_sur_limite_7_OBL,1060,TRUE,NULL,NULL,NULL,NULL,0,0,0,0,0,0,NULL,NULL,0,NULL,NULL,0,0
107,implantation_sur_limite_7_AUT,1059,TRUE,NULL,NULL,NULL,NULL,0,0,0,0,0,0,NULL,NULL,0,NULL,NULL,0,0
108,implantation_retrait_7_AUT,1061,TRUE,NULL,NULL,NULL,NULL,0,0,0,0,0,0,NULL,NULL,0,NULL,NULL,0,0
109,implantation_retrait_7_OBL,1062,TRUE,NULL,NULL,NULL,NULL,0,0,0,0,0,0,NULL,NULL,0,NULL,NULL,0,0
11,NULL,NULL,NULL,NULL,NULL,NULL,NULL,1,0,0,0,0,0,NULL,NULL,0,NULL,NULL,0,0
110,implantation_sur_limite_7_AUT,1059,TRUE,NULL,NULL,NULL,NULL,0,0,0,0,0,0,NULL,NULL,0,NULL,NULL,0,0
111,implantation_retrait_7_AUT,1061,TRUE,NULL,NULL,NULL,NULL,0,0,0,0,0,0,NULL,NULL,0,NULL,NULL,0,0
112,implantation_retrait_7_OBL,1062,TRUE,NULL,NULL,NULL,NULL,0,0,0,0,0,0,NULL,NULL,0,NULL,NULL,0,0
113,marge_retrait_7,1409,NULL,NULL,NULL,NULL,"max( 6 , X / 2 )",0,0,0,0,0,0,NULL,NULL,0,NULL,NULL,0,0
114,marge_retrait_7,1409,NULL,NULL,NULL,NULL,"max( 4 , X / 2 )",0,0,0,0,0,0,NULL,NULL,0,NULL,NULL,0,0
115,NULL,NULL,NULL,NULL,NULL,NULL,NULL,0,1,0,0,0,0,NULL,NULL,0,NULL,NULL,0,0
116,acces_batiment_dans_marge_retrait_AUT,1033,TRUE,NULL,NULL,NULL,NULL,0,0,0,0,0,0,NULL,NULL,0,NULL,NULL,0,0
117,marge_recul_piscine,1506,NULL,NULL,"1,5",NULL,NULL,0,0,0,0,0,0,NULL,NULL,0,NULL,NULL,0,0
118,implantation_sur_limite_7_AUT,1059,TRUE,NULL,NULL,NULL,NULL,0,0,0,0,0,0,NULL,NULL,0,NULL,NULL,0,0
119,implantation_retrait_7_AUT,1061,TRUE,NULL,NULL,NULL,NULL,0,0,0,0,0,0,NULL,NULL,0,NULL,NULL,0,0
12,NULL,NULL,NULL,NULL,NULL,NULL,NULL,1,0,0,0,0,0,NULL,NULL,0,NULL,NULL,0,0
120,marge_retrait_7,1409,NULL,NULL,2,NULL,NULL,0,0,0,0,0,0,NULL,NULL,0,NULL,NULL,0,0
121,distance_construction_meme_propriete_avec_vue_MIN,1233,NULL,NULL,NULL,NULL,"max( 8 , X )",0,0,0,0,0,0,NULL,NULL,0,NULL,NULL,0,0
122,distance_construction_meme_propriete_sans_vue_MIN,1236,NULL,NULL,NULL,NULL,"max( 4 , X / 2 )",0,0,0,0,0,0,NULL,NULL,0,NULL,NULL,0,0
123,distance_construction_meme_propriete_avec_vue_MIN,1233,NULL,NULL,4,NULL,NULL,0,0,0,0,0,0,NULL,NULL,0,NULL,NULL,0,0
124,distance_construction_meme_propriete_sans_vue_MIN,1236,NULL,NULL,4,NULL,NULL,0,0,0,0,0,0,NULL,NULL,0,NULL,NULL,0,0
126,emprise_au_sol_MAX,1181,NULL,NULL,NULL,NULL,0.8 * X,0,0,0,0,0,0,NULL,NULL,0,NULL,NULL,0,0
127,hauteur_construction_plus_haut_MAX,1190,NULL,NULL,18,NULL,NULL,0,0,0,0,0,0,NULL,NULL,0,NULL,NULL,0,0
128,hauteur_construction_plus_haut_MAX,1190,NULL,NULL,18,NULL,NULL,0,0,0,0,0,0,NULL,NULL,0,NULL,NULL,0,0
129,hauteur_point_accroche_IDE,1240,NULL,NULL,15,NULL,NULL,0,0,0,0,0,0,NULL,NULL,0,NULL,NULL,0,0
13,NULL,NULL,NULL,NULL,NULL,NULL,NULL,1,0,0,0,0,0,NULL,NULL,0,NULL,NULL,0,0
130,hauteur_point_accroche_IDE,1240,NULL,NULL,15,NULL,NULL,0,0,0,0,0,0,NULL,NULL,0,NULL,NULL,0,0
131,hauteur_principale_MAX,1244,NULL,NULL,3,NULL,NULL,0,0,0,0,0,0,NULL,NULL,0,NULL,NULL,0,0
132,hauteur_principale_MAX,1244,NULL,NULL,3,NULL,NULL,0,0,0,0,0,0,NULL,NULL,0,NULL,NULL,0,0
133,angle_principal_MAX,1253,NULL,NULL,60,NULL,NULL,0,0,0,0,0,0,NULL,NULL,0,NULL,NULL,0,0
134,angle_principal_MAX,1253,NULL,NULL,60,NULL,NULL,0,0,0,0,0,0,NULL,NULL,0,NULL,NULL,0,0
135,hauteur_point_accroche_IDE,1240,NULL,NULL,15,NULL,NULL,0,0,0,0,0,0,NULL,NULL,0,NULL,NULL,0,0
136,hauteur_point_accroche_IDE,1240,NULL,NULL,15,NULL,NULL,0,0,0,0,0,0,NULL,NULL,0,NULL,NULL,0,0
137,angle_secondaire_MAX,1256,NULL,NULL,0,NULL,NULL,0,0,0,0,0,0,NULL,NULL,0,NULL,NULL,0,0
138,angle_secondaire_MAX,1256,NULL,NULL,0,NULL,NULL,0,0,0,0,0,0,NULL,NULL,0,NULL,NULL,0,0
139,profondeur_secondaire_MAX,1265,NULL,NULL,"1,5",NULL,NULL,0,0,0,0,0,0,NULL,NULL,0,NULL,NULL,0,0
14,NULL,NULL,NULL,NULL,NULL,NULL,NULL,1,0,0,0,0,0,NULL,NULL,0,NULL,NULL,0,0
140,profondeur_secondaire_MAX,1265,NULL,NULL,"1,5",NULL,NULL,0,0,0,0,0,0,NULL,NULL,0,NULL,NULL,0,0
141,profondeur_principale_MAX,1262,NULL,NULL,"1,5",NULL,NULL,0,0,0,0,0,0,NULL,NULL,0,NULL,NULL,0,0
142,profondeur_principale_MAX,1262,NULL,NULL,"1,5",NULL,NULL,0,0,0,0,0,0,NULL,NULL,0,NULL,NULL,0,0
143,hauteur_construction_egout_MAX,1193,NULL,NULL,9,NULL,NULL,0,0,0,0,0,0,NULL,NULL,0,NULL,NULL,0,0
144,hauteur_construction_plus_haut_MAX,1190,NULL,NULL,12,NULL,NULL,0,0,0,0,0,0,NULL,NULL,0,NULL,NULL,0,0
145,hauteur_point_accroche_IDE,1240,NULL,NULL,9,NULL,NULL,0,0,0,0,0,0,NULL,NULL,0,NULL,NULL,0,0
146,profondeur_principale_MAX,1262,NULL,NULL,3,NULL,NULL,0,0,0,0,0,0,NULL,NULL,0,NULL,NULL,0,0
147,angle_principal_MAX,1253,NULL,NULL,45,NULL,NULL,0,0,0,0,0,0,NULL,NULL,0,NULL,NULL,0,0
148,hauteur_point_accroche_IDE,1240,NULL,NULL,9,NULL,NULL,0,0,0,0,0,0,NULL,NULL,0,NULL,NULL,0,0
149,angle_secondaire_MAX,1256,NULL,NULL,60,NULL,NULL,0,0,0,0,0,0,NULL,NULL,0,NULL,NULL,0,0
15,NULL,NULL,NULL,NULL,NULL,NULL,NULL,1,0,0,0,0,0,NULL,NULL,0,NULL,NULL,0,0
150,hauteur_secondaire_MAX,1247,NULL,NULL,2,NULL,NULL,0,0,0,0,0,0,NULL,NULL,0,NULL,NULL,0,0
151,angle_tertiaire_MAX,1259,NULL,NULL,30,NULL,NULL,0,0,0,0,0,0,NULL,NULL,0,NULL,NULL,0,0
152,hauteur_tertiaire_MAX,1250,NULL,NULL,1,NULL,NULL,0,0,0,0,0,0,NULL,NULL,0,NULL,NULL,0,0
153,NULL,NULL,NULL,NULL,NULL,NULL,NULL,0,0,0,0,1,0,NULL,NULL,0,NULL,NULL,0,0
154,hauteur_construction_plus_haut_MAX,1190,NULL,NULL,NULL,NULL,X,0,0,0,0,0,0,NULL,NULL,0,NULL,NULL,0,0
155,installation_technique_compte_pour_la_hauteur,1507,FALSE,NULL,NULL,NULL,NULL,0,0,0,0,0,0,NULL,NULL,0,NULL,NULL,0,0
156,NULL,NULL,NULL,NULL,NULL,NULL,NULL,0,0,0,0,1,0,NULL,NULL,0,NULL,NULL,0,0
157,NULL,NULL,NULL,NULL,NULL,NULL,NULL,0,1,0,0,0,0,NULL,NULL,0,NULL,NULL,0,0
158,NULL,NULL,NULL,NULL,NULL,NULL,NULL,0,0,0,0,1,0,NULL,NULL,0,NULL,NULL,0,0
159,NULL,NULL,NULL,NULL,NULL,NULL,NULL,0,1,0,0,0,0,NULL,NULL,0,NULL,NULL,0,0
16,NULL,NULL,NULL,NULL,NULL,NULL,NULL,1,0,0,0,0,0,NULL,NULL,0,NULL,NULL,0,0
160,NULL,NULL,NULL,NULL,NULL,NULL,NULL,0,0,0,0,1,0,NULL,NULL,0,NULL,NULL,0,0
161,hauteur_construction_MAX,1187,NULL,NULL,"3,5",NULL,NULL,0,0,0,0,0,0,NULL,NULL,0,NULL,NULL,0,0
162,hauteur_construction_plus_haut_MAX,1190,NULL,NULL,18,NULL,NULL,0,0,0,0,0,0,NULL,NULL,0,NULL,NULL,0,0
163,hauteur_construction_plus_haut_MAX,1190,NULL,NULL,18,NULL,NULL,0,0,0,0,0,0,NULL,NULL,0,NULL,NULL,0,0
164,hauteur_construction_plus_haut_MAX,1190,NULL,NULL,12,NULL,NULL,0,0,0,0,0,0,NULL,NULL,0,NULL,NULL,0,0
165,NULL,NULL,NULL,NULL,NULL,NULL,NULL,0,0,0,1,0,0,NULL,NULL,0,NULL,NULL,0,0
166,NULL,NULL,NULL,NULL,NULL,NULL,NULL,0,0,0,0,1,0,NULL,NULL,0,NULL,NULL,0,0
167,toiture_a_pente_OBL,1084,TRUE,NULL,NULL,NULL,NULL,0,0,0,0,0,0,NULL,NULL,0,NULL,NULL,0,0
168,NULL,NULL,NULL,NULL,NULL,NULL,NULL,0,0,0,0,1,0,NULL,NULL,0,NULL,NULL,0,0
169,NULL,NULL,NULL,NULL,NULL,NULL,NULL,0,1,0,0,0,0,NULL,NULL,0,NULL,NULL,0,0
17,NULL,NULL,NULL,NULL,NULL,NULL,NULL,1,0,0,0,0,0,NULL,NULL,0,NULL,NULL,0,0
170,NULL,NULL,NULL,NULL,NULL,NULL,NULL,0,1,0,0,0,0,NULL,NULL,0,NULL,NULL,0,0
171,nombre_baies_facade_sur_rue_MIN,1380,NULL,1,NULL,NULL,NULL,0,0,0,0,0,0,NULL,NULL,0,NULL,NULL,0,0
172,NULL,NULL,NULL,NULL,NULL,NULL,NULL,0,0,0,0,1,0,NULL,NULL,0,NULL,NULL,0,0
173,NULL,NULL,NULL,NULL,NULL,NULL,NULL,0,0,0,0,1,0,NULL,NULL,0,NULL,NULL,0,0
174,NULL,NULL,NULL,NULL,NULL,NULL,NULL,0,0,0,0,1,0,NULL,NULL,0,NULL,NULL,0,0
175,caisson_volet_roulant_interieur_OBL,1110,TRUE,NULL,NULL,NULL,NULL,0,0,0,0,0,0,NULL,NULL,0,NULL,NULL,0,0
176,caisson_volet_roulant_interieur_OBL,1110,FALSE,NULL,NULL,NULL,NULL,0,0,0,0,0,0,NULL,NULL,0,NULL,NULL,0,0
177,NULL,NULL,NULL,NULL,NULL,NULL,NULL,0,0,0,0,1,0,NULL,NULL,0,NULL,NULL,0,0
178,NULL,NULL,NULL,NULL,NULL,NULL,NULL,0,0,0,0,1,0,NULL,NULL,0,NULL,NULL,0,0
179,hauteur_rez_chausee_MIN,1182,NULL,NULL,3,NULL,NULL,0,0,0,0,0,0,NULL,NULL,0,NULL,NULL,0,0
18,NULL,NULL,NULL,NULL,NULL,NULL,NULL,1,0,0,0,0,0,NULL,NULL,0,NULL,NULL,0,0
180,NULL,NULL,NULL,NULL,NULL,NULL,NULL,0,0,0,0,1,0,NULL,NULL,0,NULL,NULL,0,0
181,NULL,NULL,NULL,NULL,NULL,NULL,NULL,0,0,0,0,1,0,NULL,NULL,0,NULL,NULL,0,0
182,NULL,NULL,NULL,NULL,NULL,NULL,NULL,0,0,0,0,1,0,NULL,NULL,0,NULL,NULL,0,0
183,NULL,NULL,NULL,NULL,NULL,NULL,NULL,0,0,0,0,1,0,NULL,NULL,0,NULL,NULL,0,0
184,NULL,NULL,NULL,NULL,NULL,NULL,NULL,0,0,0,0,0,0,NULL,NULL,0,NULL,NULL,0,0
185,NULL,NULL,NULL,NULL,NULL,NULL,NULL,0,0,0,0,1,0,NULL,NULL,0,NULL,NULL,0,0
186,NULL,NULL,NULL,NULL,NULL,NULL,NULL,0,0,0,0,1,0,NULL,NULL,0,NULL,NULL,0,0
187,NULL,NULL,NULL,NULL,NULL,NULL,NULL,0,0,0,0,1,0,NULL,NULL,0,NULL,NULL,0,0
188,NULL,NULL,NULL,NULL,NULL,NULL,NULL,0,0,0,0,1,0,NULL,NULL,0,NULL,NULL,0,0
189,NULL,NULL,NULL,NULL,NULL,NULL,NULL,0,0,0,0,1,0,NULL,NULL,0,NULL,NULL,0,0
19,NULL,NULL,NULL,NULL,NULL,NULL,NULL,0,0,0,0,1,0,NULL,NULL,0,NULL,NULL,0,0
190,NULL,NULL,NULL,NULL,NULL,NULL,NULL,0,0,0,0,1,0,NULL,NULL,0,NULL,NULL,0,0
191,NULL,NULL,NULL,NULL,NULL,NULL,NULL,0,0,0,0,1,0,NULL,NULL,0,NULL,NULL,0,0
192,NULL,NULL,NULL,NULL,NULL,NULL,NULL,0,0,0,0,1,0,NULL,NULL,0,NULL,NULL,0,0
193,hauteur_cloture_MAX,1163,NULL,NULL,2,NULL,NULL,0,0,0,0,0,0,NULL,NULL,0,NULL,NULL,0,0
194,NULL,NULL,NULL,NULL,NULL,NULL,NULL,0,0,0,0,1,0,NULL,NULL,0,NULL,NULL,0,0
195,hauteur_mur_bahut_MAX,1166,NULL,NULL,"1,2",NULL,NULL,0,0,0,0,0,0,NULL,NULL,0,NULL,NULL,0,0
196,hauteur_portail_MAX,1169,NULL,NULL,"2,2",NULL,NULL,0,0,0,0,0,0,NULL,NULL,0,NULL,NULL,0,0
197,hauteur_portillon_MAX,1172,NULL,NULL,"2,2",NULL,NULL,0,0,0,0,0,0,NULL,NULL,0,NULL,NULL,0,0
198,hauteur_pillier_MAX,1175,NULL,NULL,"2,2",NULL,NULL,0,0,0,0,0,0,NULL,NULL,0,NULL,NULL,0,0
199,NULL,NULL,NULL,NULL,NULL,NULL,NULL,0,0,0,0,1,0,NULL,NULL,0,NULL,NULL,0,0
2,NULL,NULL,NULL,NULL,NULL,NULL,NULL,1,0,0,0,0,0,NULL,NULL,0,NULL,NULL,0,0
20,NULL,NULL,NULL,NULL,NULL,NULL,NULL,1,0,0,0,0,0,NULL,NULL,0,NULL,NULL,0,0
200,NULL,NULL,NULL,NULL,NULL,NULL,NULL,0,0,0,0,1,0,NULL,NULL,0,NULL,NULL,0,0
201,NULL,NULL,NULL,NULL,NULL,NULL,NULL,0,0,0,0,1,0,NULL,NULL,0,NULL,NULL,0,0
202,hauteur_cloture_MAX,1163,NULL,NULL,2,NULL,NULL,0,0,0,0,0,0,NULL,NULL,0,NULL,NULL,0,0
203,NULL,NULL,NULL,NULL,NULL,NULL,NULL,0,0,0,0,1,0,NULL,NULL,0,NULL,NULL,0,0
204,NULL,NULL,NULL,NULL,NULL,NULL,NULL,0,0,0,0,1,0,NULL,NULL,0,NULL,NULL,0,0
205,NULL,NULL,NULL,NULL,NULL,NULL,NULL,0,0,0,0,1,0,NULL,NULL,0,NULL,NULL,0,0
206,proportion_places_stationnement_dans_construction_MIN,1275,NULL,NULL,"0,8",NULL,NULL,0,0,0,0,0,0,NULL,NULL,0,NULL,NULL,0,0
207,proportion_places_stationnement_dans_construction_MIN,1275,NULL,NULL,"0,8",NULL,NULL,0,0,0,0,0,0,NULL,NULL,0,NULL,NULL,0,0
208,proportion_places_stationnement_dans_construction_MIN,1275,NULL,NULL,"0,8",NULL,NULL,0,0,0,0,0,0,NULL,NULL,0,NULL,NULL,0,0
209,proportion_places_stationnement_dans_construction_MIN,1275,NULL,NULL,"0,8",NULL,NULL,0,0,0,0,0,0,NULL,NULL,0,NULL,NULL,0,0
21,NULL,NULL,NULL,NULL,NULL,NULL,NULL,1,0,0,0,0,0,NULL,NULL,0,NULL,NULL,0,0
210,proportion_places_stationnement_dans_construction_MIN,1275,NULL,NULL,"0,8",NULL,NULL,0,0,0,0,0,0,NULL,NULL,0,NULL,NULL,0,0
211,proportion_places_stationnement_dans_construction_MIN,1275,NULL,NULL,"0,8",NULL,NULL,0,0,0,0,0,0,NULL,NULL,0,NULL,NULL,0,0
212,proportion_places_stationnement_dans_construction_MIN,1275,NULL,NULL,"0,8",NULL,NULL,0,0,0,0,0,0,NULL,NULL,0,NULL,NULL,0,0
213,proportion_places_stationnement_dans_construction_MIN,1275,NULL,NULL,"0,8",NULL,NULL,0,0,0,0,0,0,NULL,NULL,0,NULL,NULL,0,0
214,proportion_places_stationnement_dans_construction_MIN,1275,NULL,NULL,"0,8",NULL,NULL,0,0,0,0,0,0,NULL,NULL,0,NULL,NULL,0,0
215,NULL,NULL,NULL,NULL,NULL,NULL,NULL,0,0,0,0,1,0,NULL,NULL,0,NULL,NULL,0,0
216,NULL,NULL,NULL,NULL,NULL,NULL,NULL,0,0,0,0,1,0,NULL,NULL,0,NULL,NULL,0,0
217,NULL,NULL,NULL,NULL,NULL,NULL,NULL,0,0,0,0,1,0,NULL,NULL,0,NULL,NULL,0,0
218,NULL,NULL,NULL,NULL,NULL,NULL,NULL,0,0,0,0,1,0,NULL,NULL,0,NULL,NULL,0,0
219,NULL,NULL,NULL,NULL,NULL,NULL,NULL,0,0,0,0,1,0,NULL,NULL,0,NULL,NULL,0,0
22,NULL,NULL,NULL,NULL,NULL,NULL,NULL,1,0,0,0,0,0,NULL,NULL,0,NULL,NULL,0,0
220,NULL,NULL,NULL,NULL,NULL,NULL,NULL,0,0,0,0,1,0,NULL,NULL,0,NULL,NULL,0,0
221,NULL,NULL,NULL,NULL,NULL,NULL,NULL,0,0,0,0,1,0,NULL,NULL,0,NULL,NULL,0,0
222,NULL,NULL,NULL,NULL,NULL,NULL,NULL,0,0,0,0,1,0,NULL,NULL,0,NULL,NULL,0,0
223,NULL,NULL,NULL,NULL,NULL,NULL,NULL,0,0,0,0,1,0,NULL,NULL,0,NULL,NULL,0,0
224,NULL,NULL,NULL,NULL,NULL,NULL,NULL,1,0,0,0,0,0,NULL,NULL,0,NULL,NULL,0,0
225,nombre_place_stationnement_IDE,1384,NULL,NULL,NULL,ENT( X / 50 ) + 1,NULL,0,0,0,0,0,0,NULL,NULL,0,NULL,NULL,0,0
226,nombre_place_stationnement_IDE,1384,NULL,NULL,NULL,ENT( X / 60 ) + 1,NULL,0,0,0,0,0,0,NULL,NULL,0,NULL,NULL,0,0
227,nombre_place_stationnement_MIN,1383,NULL,NULL,NULL,ENT( X / 60 ) + 1,NULL,0,0,0,0,0,0,NULL,NULL,0,NULL,NULL,0,0
228,nombre_place_stationnement_MAX,1385,NULL,NULL,NULL,1.9 * X,NULL,0,0,0,0,0,0,NULL,NULL,0,NULL,NULL,0,0
229,nombre_place_stationnement_MIN,1383,NULL,NULL,NULL,1 * X,NULL,0,0,0,0,0,0,NULL,NULL,0,NULL,NULL,0,0
23,NULL,NULL,NULL,NULL,NULL,NULL,NULL,1,0,0,0,0,0,NULL,NULL,0,NULL,NULL,0,0
230,nombre_place_stationnement_MIN,1383,NULL,NULL,NULL,0.5 * X,NULL,0,0,0,0,0,0,NULL,NULL,0,NULL,NULL,0,0
231,nombre_place_stationnement_MIN,1383,NULL,NULL,NULL,1 * X,NULL,0,0,0,0,0,0,NULL,NULL,0,NULL,NULL,0,0
232,nombre_place_stationnement_MIN,1383,NULL,NULL,NULL,"max( 2 , ENT( X / 40 ) + 1 ) ",NULL,0,0,0,0,0,0,NULL,NULL,0,NULL,NULL,0,0
233,nombre_place_stationnement_livraison_MIN,1386,NULL,1,NULL,NULL,NULL,0,0,0,0,0,0,NULL,NULL,0,NULL,NULL,0,0
234,nombre_place_stationnement_livraison_MIN,1386,NULL,1,NULL,NULL,NULL,0,0,0,0,0,0,NULL,NULL,0,NULL,NULL,0,0
235,nombre_place_stationnement_MIN,1383,NULL,NULL,NULL,"max( 20 , X ) + ENT( max( X - 20 , 0 ) / 20 + 1 )",NULL,0,0,0,0,0,0,NULL,NULL,0,NULL,NULL,0,0
236,NULL,NULL,NULL,NULL,NULL,NULL,NULL,0,0,0,0,1,0,NULL,NULL,0,NULL,NULL,0,0
237,nombre_place_stationnement_detruite_MAX,1394,NULL,NULL,NULL,X,NULL,0,0,0,0,0,0,NULL,NULL,0,NULL,NULL,0,0
238,NULL,NULL,NULL,NULL,NULL,NULL,NULL,0,0,0,0,0,0,nombre_place_stationnement_construite,260,0,NULL,NULL,0,0
239,nombre_place_stationnement_detruite_MAX,1394,NULL,NULL,NULL,X,NULL,0,0,0,0,0,0,NULL,NULL,0,NULL,NULL,0,0
24,NULL,NULL,NULL,NULL,NULL,NULL,NULL,1,0,0,0,0,0,NULL,NULL,0,NULL,NULL,0,0
240,NULL,NULL,NULL,NULL,NULL,NULL,NULL,0,0,0,0,0,0,nombre_place_stationnement_construite,260,0,NULL,NULL,0,0
241,nombre_place_stationnement_detruite_MAX,1394,NULL,NULL,NULL,X,NULL,0,0,0,0,0,0,NULL,NULL,0,NULL,NULL,0,0
242,NULL,NULL,NULL,NULL,NULL,NULL,NULL,0,0,0,0,0,0,nombre_place_stationnement_construite,260,0,NULL,NULL,0,0
243,nombre_place_stationnement_detruite_MAX,1394,NULL,NULL,NULL,X,NULL,0,0,0,0,0,0,NULL,NULL,0,NULL,NULL,0,0
244,NULL,NULL,NULL,NULL,NULL,NULL,NULL,0,0,0,0,0,0,nombre_place_stationnement_construite,260,0,NULL,NULL,0,0
245,nombre_place_stationnement_IDE,1384,NULL,NULL,NULL,ENT( X / 50 ) + 1,NULL,0,0,0,0,0,0,NULL,NULL,0,NULL,NULL,0,0
246,nombre_place_stationnement_IDE,1384,NULL,NULL,NULL,ENT( X / 60 ) + 1,NULL,0,0,0,0,0,0,NULL,NULL,0,NULL,NULL,0,0
247,nombre_place_stationnement_MIN,1383,NULL,NULL,NULL,ENT( X / 60 ) + 1,NULL,0,0,0,0,0,0,NULL,NULL,0,NULL,NULL,0,0
248,nombre_place_stationnement_MAX,1385,NULL,NULL,NULL,1.9 * X,NULL,0,0,0,0,0,0,NULL,NULL,0,NULL,NULL,0,0
249,nombre_place_stationnement_MIN,1383,NULL,NULL,NULL,1 * X,NULL,0,0,0,0,0,0,NULL,NULL,0,NULL,NULL,0,0
25,NULL,NULL,NULL,NULL,NULL,NULL,NULL,1,0,0,0,0,0,NULL,NULL,0,NULL,NULL,0,0
250,nombre_place_stationnement_MIN,1383,NULL,NULL,NULL,0.5 * X,NULL,0,0,0,0,0,0,NULL,NULL,0,NULL,NULL,0,0
251,nombre_place_stationnement_MIN,1383,NULL,NULL,NULL,1 * X,NULL,0,0,0,0,0,0,NULL,NULL,0,NULL,NULL,0,0
252,nombre_place_stationnement_MIN,1383,NULL,NULL,NULL,"max( 2 , ENT( X / 40 ) + 1 ) ",NULL,0,0,0,0,0,0,NULL,NULL,0,NULL,NULL,0,0
253,nombre_place_stationnement_livraison_MIN,1386,NULL,1,NULL,NULL,NULL,0,0,0,0,0,0,NULL,NULL,0,NULL,NULL,0,0
254,nombre_place_stationnement_livraison_MIN,1386,NULL,1,NULL,NULL,NULL,0,0,0,0,0,0,NULL,NULL,0,NULL,NULL,0,0
255,nombre_place_stationnement_MIN,1383,NULL,NULL,NULL,"max( 20 , X ) + ENT( max( X - 20 , 0 ) / 20 + 1 )",NULL,0,0,0,0,0,0,NULL,NULL,0,NULL,NULL,0,0
256,nombre_place_stationnement_MIN,1383,NULL,NULL,NULL,ENT( X / 60 ) + 1,NULL,0,0,0,0,0,0,NULL,NULL,0,NULL,NULL,0,0
257,nombre_place_stationnement_MAX,1385,NULL,NULL,NULL,1.9 * X,NULL,0,0,0,0,0,0,NULL,NULL,0,NULL,NULL,0,0
258,nombre_place_stationnement_MIN,1383,NULL,NULL,NULL,1 * X,NULL,0,0,0,0,0,0,NULL,NULL,0,NULL,NULL,0,0
259,nombre_place_stationnement_MIN,1383,NULL,NULL,NULL,0.5 * X,NULL,0,0,0,0,0,0,NULL,NULL,0,NULL,NULL,0,0
26,NULL,NULL,NULL,NULL,NULL,NULL,NULL,1,0,0,0,0,0,NULL,NULL,0,NULL,NULL,0,0
260,nombre_place_stationnement_MIN,1383,NULL,NULL,NULL,1 * X,NULL,0,0,0,0,0,0,NULL,NULL,0,NULL,NULL,0,0
261,nombre_place_stationnement_MIN,1383,NULL,NULL,NULL,ENT( X / 60 ) + 1,NULL,0,0,0,0,0,0,NULL,NULL,1,nombre_place_stationnement,256,1,0
261,nombre_place_stationnement_IDE,1384,NULL,NULL,NULL,ENT( Y / 50 ) + 1,NULL,0,0,0,0,0,0,NULL,NULL,1,nombre_place_stationnement,256,1,0
262,nombre_place_stationnement_MIN,1383,NULL,NULL,NULL,ENT( X / 60 ) + 1,NULL,0,0,0,0,0,0,NULL,NULL,1,nombre_place_stationnement,256,1,0
262,nombre_place_stationnement_IDE,1384,NULL,NULL,NULL,ENT( Y / 60 ) + 1,NULL,0,0,0,0,0,0,NULL,NULL,1,nombre_place_stationnement,256,1,0
263,nombre_place_stationnement_MIN,1383,NULL,NULL,NULL,ENT( X / 60 ) + 1,NULL,0,0,0,0,0,0,NULL,NULL,1,nombre_place_stationnement,256,1,0
263,nombre_place_stationnement_MIN,1383,NULL,NULL,NULL,"max( 2 , ENT( Y / 40 ) + 1 )",NULL,0,0,0,0,0,0,NULL,NULL,1,nombre_place_stationnement,256,1,0
264,nombre_place_stationnement_MIN,1383,NULL,NULL,NULL,ENT( X / 60 ) + 1,NULL,0,0,0,0,0,0,NULL,NULL,0,NULL,NULL,0,0
265,nombre_place_stationnement_MIN,1383,NULL,NULL,NULL,ENT( X / 60 ) + 1,NULL,0,0,0,0,0,0,NULL,NULL,0,NULL,NULL,0,0
266,nombre_place_stationnement_MIN,1383,NULL,NULL,NULL,ENT( X / 60 ) + 1,NULL,0,0,0,0,0,0,NULL,NULL,0,NULL,NULL,0,0
267,nombre_place_stationnement_MIN,1383,NULL,NULL,NULL,ENT( X / 60 ) + 1,NULL,0,0,0,0,0,0,NULL,NULL,0,NULL,NULL,0,0
268,nombre_place_stationnement_MIN,1383,NULL,NULL,NULL,ENT( X / 60 ) + 1,NULL,0,0,0,0,0,0,NULL,NULL,0,NULL,NULL,0,0
269,nombre_place_stationnement_MIN,1383,NULL,NULL,NULL,ENT( X / 60 ) + 1,NULL,0,0,0,0,0,0,NULL,NULL,1,nombre_place_stationnement,256,1,0
269,nombre_place_stationnement_MIN,1383,NULL,NULL,NULL,"max( 20 , Y ) + ENT( max( Y - 20 , 0 ) )",NULL,0,0,0,0,0,0,NULL,NULL,1,nombre_place_stationnement,256,1,0
27,NULL,NULL,NULL,NULL,NULL,NULL,NULL,1,0,0,0,0,0,NULL,NULL,0,NULL,NULL,0,0
270,nombre_place_stationnement_construite_MIN,1389,NULL,NULL,NULL,X,NULL,0,0,0,0,0,0,NULL,NULL,0,NULL,NULL,0,0
271,nombre_place_stationnement_construite_MIN,1389,NULL,NULL,NULL,X,NULL,0,0,0,0,0,0,NULL,NULL,0,NULL,NULL,0,0
272,nombre_place_stationnement_construite_MIN,1389,NULL,NULL,NULL,X,NULL,0,0,0,0,0,0,NULL,NULL,0,NULL,NULL,0,0
273,nombre_place_stationnement_construite_MIN,1389,NULL,NULL,NULL,X,NULL,0,0,0,0,0,0,NULL,NULL,0,NULL,NULL,0,0
274,nombre_place_stationnement_construite_MIN,1389,NULL,NULL,NULL,X,NULL,0,0,0,0,0,0,NULL,NULL,0,NULL,NULL,0,0
275,nombre_place_stationnement_construite_MIN,1389,NULL,NULL,NULL,X,NULL,0,0,0,0,0,0,NULL,NULL,0,NULL,NULL,0,0
276,nombre_place_stationnement_construite_MIN,1389,NULL,NULL,NULL,X,NULL,0,0,0,0,0,0,NULL,NULL,0,NULL,NULL,0,0
277,nombre_place_stationnement_construite_MIN,1389,NULL,NULL,NULL,X,NULL,0,0,0,0,0,0,NULL,NULL,0,NULL,NULL,0,0
278,NULL,NULL,NULL,NULL,NULL,NULL,NULL,0,0,0,0,1,0,NULL,NULL,0,NULL,NULL,0,0
279,espace_velo_OBL,1126,TRUE,NULL,NULL,NULL,NULL,0,0,0,0,0,0,NULL,NULL,0,NULL,NULL,0,0
28,NULL,NULL,NULL,NULL,NULL,NULL,NULL,1,0,0,0,0,0,NULL,NULL,0,NULL,NULL,0,0
280,espace_velo_OBL,1126,TRUE,NULL,NULL,NULL,NULL,0,0,0,0,0,0,NULL,NULL,0,NULL,NULL,0,0
281,NULL,NULL,NULL,NULL,NULL,NULL,NULL,0,0,0,0,1,0,NULL,NULL,0,NULL,NULL,0,0
282,superficie_espace_velo_MIN,1278,NULL,NULL,NULL,NULL,"max( 3 , 0.75 * ( X + Y ) + 1.5 * ( Z - X - Y ) )",0,0,0,0,0,0,NULL,NULL,0,NULL,NULL,0,0
283,superficie_espace_velo_MIN,1278,NULL,NULL,NULL,NULL,0.015 * X,0,0,0,0,0,0,NULL,NULL,0,NULL,NULL,0,0
284,espace_velo_unifie_OBL,1128,FALSE,NULL,NULL,NULL,NULL,0,0,0,0,0,0,NULL,NULL,0,NULL,NULL,0,0
285,NULL,NULL,NULL,NULL,NULL,NULL,NULL,0,0,0,0,1,0,NULL,NULL,0,NULL,NULL,0,0
286,nombre_place_stationnement_velo_MIN,1395,NULL,NULL,NULL,ENT( X / 10 ),NULL,0,0,0,0,0,0,NULL,NULL,0,NULL,NULL,0,0
287,NULL,NULL,NULL,NULL,NULL,NULL,NULL,0,0,0,0,1,0,NULL,NULL,0,NULL,NULL,0,0
288,nombre_place_stationnement_velo_MIN,1395,NULL,NULL,NULL,ENT( X / 10 ),NULL,0,0,0,0,0,0,NULL,NULL,0,NULL,NULL,0,0
289,NULL,NULL,NULL,NULL,NULL,NULL,NULL,0,0,0,0,1,0,NULL,NULL,0,NULL,NULL,0,0
29,NULL,NULL,NULL,NULL,NULL,NULL,NULL,1,0,0,0,0,0,NULL,NULL,0,NULL,NULL,0,0
290,nombre_place_stationnement_velo_MIN,1395,NULL,NULL,NULL,ENT( X / 10 ),NULL,0,0,0,0,0,0,NULL,NULL,0,NULL,NULL,0,0
291,nombre_place_stationnement_velo_MIN,1395,NULL,NULL,NULL,ENT( X / 10 ),NULL,0,0,0,0,1,0,NULL,NULL,0,NULL,NULL,0,0
292,NULL,NULL,NULL,NULL,NULL,NULL,NULL,0,0,0,0,1,0,NULL,NULL,0,NULL,NULL,0,0
293,NULL,NULL,NULL,NULL,NULL,NULL,NULL,0,0,0,0,0,0,NULL,NULL,0,NULL,NULL,0,0
294,nombre_place_stationnement_velo_MAX,1397,NULL,NULL,NULL,ENT( X / 8 ),NULL,0,0,0,0,0,0,NULL,NULL,0,NULL,NULL,0,0
295,nombre_place_stationnement_velo_MIN,1395,NULL,NULL,NULL,ENT( X / 12 ),NULL,0,0,0,0,0,0,NULL,NULL,0,NULL,NULL,0,0
296,NULL,NULL,NULL,NULL,NULL,NULL,NULL,0,0,0,0,0,1,NULL,NULL,0,NULL,NULL,0,0
297,NULL,NULL,NULL,NULL,NULL,NULL,NULL,0,0,0,0,1,0,NULL,NULL,0,NULL,NULL,0,0
298,NULL,NULL,NULL,NULL,NULL,NULL,NULL,0,0,0,0,0,1,NULL,NULL,0,NULL,NULL,0,0
299,NULL,NULL,NULL,NULL,NULL,NULL,NULL,0,0,0,0,1,0,NULL,NULL,0,NULL,NULL,0,0
3,NULL,NULL,NULL,NULL,NULL,NULL,NULL,0,0,0,1,0,0,NULL,NULL,0,NULL,NULL,0,0
30,NULL,NULL,NULL,NULL,NULL,NULL,NULL,1,0,0,0,0,0,NULL,NULL,0,NULL,NULL,0,0
300,longueur_emplacement_stationnement_IDE,1282,NULL,NULL,5,NULL,NULL,0,0,0,0,0,0,NULL,NULL,0,NULL,NULL,0,0
301,largeur_emplacement_stationnement_IDE,1285,NULL,NULL,"2,5",NULL,NULL,0,0,0,0,0,0,NULL,NULL,0,NULL,NULL,0,0
302,longueur_degagement_emplacement_stationnement_IDE,1288,NULL,NULL,5,NULL,NULL,0,0,0,0,0,0,NULL,NULL,0,NULL,NULL,0,0
303,aire_materialisee_au_sol_OBL,1132,NULL,NULL,NULL,NULL,NULL,0,0,0,0,0,0,NULL,NULL,0,NULL,NULL,0,0
304,pente_rampe_acces_m5_MAX,1298,NULL,NULL,"0,05",NULL,NULL,0,0,0,0,0,0,NULL,NULL,0,NULL,NULL,0,0
305,NULL,NULL,NULL,NULL,NULL,NULL,NULL,0,0,0,0,1,0,NULL,NULL,0,NULL,NULL,0,0
306,largeur_rampe_acces_IDE,1303,NULL,NULL,"3,5",NULL,NULL,0,0,0,0,0,0,NULL,NULL,0,NULL,NULL,0,0
307,largeur_rampe_acces_IDE,1303,NULL,NULL,"3,5",NULL,NULL,0,0,0,0,0,0,NULL,NULL,0,NULL,NULL,0,0
308,largeur_rampe_acces_IDE,1303,NULL,NULL,"3,5",NULL,NULL,0,0,0,0,0,0,NULL,NULL,0,NULL,NULL,0,0
309,largeur_rampe_acces_IDE,1303,NULL,NULL,"3,5",NULL,NULL,0,0,0,0,0,0,NULL,NULL,0,NULL,NULL,0,0
31,NULL,NULL,NULL,NULL,NULL,NULL,NULL,1,0,0,0,0,0,NULL,NULL,0,NULL,NULL,0,0
310,largeur_rampe_acces_IDE,1303,NULL,NULL,"3,5",NULL,NULL,0,0,0,0,0,0,NULL,NULL,0,NULL,NULL,0,0
311,largeur_rampe_acces_IDE,1303,NULL,NULL,"3,5",NULL,NULL,0,0,0,0,0,0,NULL,NULL,0,NULL,NULL,0,0
312,largeur_rampe_acces_IDE,1303,NULL,NULL,"3,5",NULL,NULL,0,0,0,0,0,0,NULL,NULL,0,NULL,NULL,0,0
313,largeur_rampe_acces_IDE,1303,NULL,NULL,"3,5",NULL,NULL,0,0,0,0,0,0,NULL,NULL,0,NULL,NULL,0,0
314,largeur_rampe_acces_IDE,1303,NULL,NULL,"3,5",NULL,NULL,0,0,0,0,0,0,NULL,NULL,0,NULL,NULL,0,0
315,largeur_rampe_acces_IDE,1303,NULL,NULL,"3,5",NULL,NULL,0,0,0,0,0,0,NULL,NULL,0,NULL,NULL,0,0
316,largeur_rampe_acces_IDE,1303,NULL,NULL,"3,5",NULL,NULL,0,0,0,0,0,0,NULL,NULL,0,NULL,NULL,0,0
317,largeur_rampe_acces_IDE,1303,NULL,NULL,"3,5",NULL,NULL,0,0,0,0,0,0,NULL,NULL,0,NULL,NULL,0,0
318,largeur_rampe_acces_IDE,1303,NULL,NULL,"3,5",NULL,NULL,0,0,0,0,0,0,NULL,NULL,0,NULL,NULL,0,0
319,largeur_rampe_acces_IDE,1303,NULL,NULL,"3,5",NULL,NULL,0,0,0,0,0,0,NULL,NULL,0,NULL,NULL,0,0
32,NULL,NULL,NULL,NULL,NULL,NULL,NULL,1,0,0,0,0,0,NULL,NULL,0,NULL,NULL,0,0
320,largeur_rampe_acces_IDE,1303,NULL,NULL,"3,5",NULL,NULL,0,0,0,0,0,0,NULL,NULL,0,NULL,NULL,0,0
321,largeur_rampe_acces_IDE,1303,NULL,NULL,"3,5",NULL,NULL,0,0,0,0,0,0,NULL,NULL,0,NULL,NULL,0,0
322,largeur_rampe_acces_IDE,1303,NULL,NULL,"3,5",NULL,NULL,0,0,0,0,0,0,NULL,NULL,0,NULL,NULL,0,0
323,largeur_rampe_acces_IDE,1303,NULL,NULL,"3,5",NULL,NULL,0,0,0,0,0,0,NULL,NULL,0,NULL,NULL,0,0
324,largeur_rampe_acces_IDE,1303,NULL,NULL,"6,5",NULL,NULL,0,0,0,0,0,0,NULL,NULL,0,NULL,NULL,0,0
325,largeur_rampe_acces_IDE,1303,NULL,NULL,"6,5",NULL,NULL,0,0,0,0,0,0,NULL,NULL,0,NULL,NULL,0,0
326,largeur_rampe_acces_IDE,1303,NULL,NULL,"6,5",NULL,NULL,0,0,0,0,0,0,NULL,NULL,0,NULL,NULL,0,0
327,largeur_rampe_acces_IDE,1303,NULL,NULL,"6,5",NULL,NULL,0,0,0,0,0,0,NULL,NULL,0,NULL,NULL,0,0
328,largeur_rampe_acces_IDE,1303,NULL,NULL,"6,5",NULL,NULL,0,0,0,0,0,0,NULL,NULL,0,NULL,NULL,0,0
329,largeur_rampe_acces_IDE,1303,NULL,NULL,"6,5",NULL,NULL,0,0,0,0,0,0,NULL,NULL,0,NULL,NULL,0,0
33,NULL,NULL,NULL,NULL,NULL,NULL,NULL,1,0,0,0,0,0,NULL,NULL,0,NULL,NULL,0,0
330,largeur_rampe_acces_IDE,1303,NULL,NULL,"6,5",NULL,NULL,0,0,0,0,0,0,NULL,NULL,0,NULL,NULL,0,0
331,largeur_rampe_acces_IDE,1303,NULL,NULL,"6,5",NULL,NULL,0,0,0,0,0,0,NULL,NULL,0,NULL,NULL,0,0
332,largeur_rampe_acces_IDE,1303,NULL,NULL,"6,5",NULL,NULL,0,0,0,0,0,0,NULL,NULL,0,NULL,NULL,0,0
333,rayon_interieur_rampe_acces_MIN,1305,NULL,NULL,5,NULL,NULL,0,0,0,0,0,0,NULL,NULL,0,NULL,NULL,0,0
334,rayon_interieur_rampe_acces_MIN,1305,NULL,NULL,5,NULL,NULL,0,0,0,0,0,0,NULL,NULL,0,NULL,NULL,0,0
335,rayon_interieur_rampe_acces_MIN,1305,NULL,NULL,5,NULL,NULL,0,0,0,0,0,0,NULL,NULL,0,NULL,NULL,0,0
336,rayon_interieur_rampe_acces_MIN,1305,NULL,NULL,5,NULL,NULL,0,0,0,0,0,0,NULL,NULL,0,NULL,NULL,0,0
337,rayon_interieur_rampe_acces_MIN,1305,NULL,NULL,5,NULL,NULL,0,0,0,0,0,0,NULL,NULL,0,NULL,NULL,0,0
338,rayon_interieur_rampe_acces_MIN,1305,NULL,NULL,5,NULL,NULL,0,0,0,0,0,0,NULL,NULL,0,NULL,NULL,0,0
339,rayon_interieur_rampe_acces_MIN,1305,NULL,NULL,5,NULL,NULL,0,0,0,0,0,0,NULL,NULL,0,NULL,NULL,0,0
34,NULL,NULL,NULL,NULL,NULL,NULL,NULL,0,1,0,0,0,0,NULL,NULL,0,NULL,NULL,0,0
340,rayon_interieur_rampe_acces_MIN,1305,NULL,NULL,5,NULL,NULL,0,0,0,0,0,0,NULL,NULL,0,NULL,NULL,0,0
341,rayon_interieur_rampe_acces_MIN,1305,NULL,NULL,5,NULL,NULL,0,0,0,0,0,0,NULL,NULL,0,NULL,NULL,0,0
342,rayon_exterieur_rampe_acces_MIN,1308,NULL,NULL,NULL,NULL,3.5 + X,0,0,0,0,0,0,NULL,NULL,0,NULL,NULL,0,0
343,rayon_exterieur_rampe_acces_MIN,1308,NULL,NULL,NULL,NULL,3.5 + X,0,0,0,0,0,0,NULL,NULL,0,NULL,NULL,0,0
344,rayon_exterieur_rampe_acces_MIN,1308,NULL,NULL,NULL,NULL,3.5 + X,0,0,0,0,0,0,NULL,NULL,0,NULL,NULL,0,0
345,rayon_exterieur_rampe_acces_MIN,1308,NULL,NULL,NULL,NULL,3.5 + X,0,0,0,0,0,0,NULL,NULL,0,NULL,NULL,0,0
346,rayon_exterieur_rampe_acces_MIN,1308,NULL,NULL,NULL,NULL,3.5 + X,0,0,0,0,0,0,NULL,NULL,0,NULL,NULL,0,0
347,rayon_exterieur_rampe_acces_MIN,1308,NULL,NULL,NULL,NULL,3.5 + X,0,0,0,0,0,0,NULL,NULL,0,NULL,NULL,0,0
348,rayon_exterieur_rampe_acces_MIN,1308,NULL,NULL,NULL,NULL,3.5 + X,0,0,0,0,0,0,NULL,NULL,0,NULL,NULL,0,0
349,rayon_exterieur_rampe_acces_MIN,1308,NULL,NULL,NULL,NULL,3.5 + X,0,0,0,0,0,0,NULL,NULL,0,NULL,NULL,0,0
35,NULL,NULL,NULL,NULL,NULL,NULL,NULL,0,1,0,0,0,0,NULL,NULL,0,NULL,NULL,0,0
350,rayon_exterieur_rampe_acces_MIN,1308,NULL,NULL,NULL,NULL,3.5 + X,0,0,0,0,0,0,NULL,NULL,0,NULL,NULL,0,0
351,rayon_exterieur_rampe_acces_MIN,1308,NULL,NULL,NULL,NULL,6 + X,0,0,0,0,0,0,NULL,NULL,0,NULL,NULL,0,0
352,rayon_exterieur_rampe_acces_MIN,1308,NULL,NULL,NULL,NULL,6 + X,0,0,0,0,0,0,NULL,NULL,0,NULL,NULL,0,0
353,rayon_exterieur_rampe_acces_MIN,1308,NULL,NULL,NULL,NULL,6 + X,0,0,0,0,0,0,NULL,NULL,0,NULL,NULL,0,0
354,rayon_exterieur_rampe_acces_MIN,1308,NULL,NULL,NULL,NULL,6 + X,0,0,0,0,0,0,NULL,NULL,0,NULL,NULL,0,0
355,rayon_exterieur_rampe_acces_MIN,1308,NULL,NULL,NULL,NULL,6 + X,0,0,0,0,0,0,NULL,NULL,0,NULL,NULL,0,0
356,rayon_exterieur_rampe_acces_MIN,1308,NULL,NULL,NULL,NULL,6 + X,0,0,0,0,0,0,NULL,NULL,0,NULL,NULL,0,0
357,rayon_exterieur_rampe_acces_MIN,1308,NULL,NULL,NULL,NULL,6 + X,0,0,0,0,0,0,NULL,NULL,0,NULL,NULL,0,0
358,rayon_exterieur_rampe_acces_MIN,1308,NULL,NULL,NULL,NULL,6 + X,0,0,0,0,0,0,NULL,NULL,0,NULL,NULL,0,0
359,rayon_exterieur_rampe_acces_MIN,1308,NULL,NULL,NULL,NULL,6 + X,0,0,0,0,0,0,NULL,NULL,0,NULL,NULL,0,0
36,accessible_par_voie_carossable_OBL,1008,TRUE,NULL,NULL,NULL,NULL,0,0,0,0,0,0,NULL,NULL,0,NULL,NULL,0,0
360,NULL,NULL,NULL,NULL,NULL,NULL,NULL,0,0,0,0,1,0,NULL,NULL,0,NULL,NULL,0,0
361,proportion_espace_vert_amenage_MIN,1311,NULL,NULL,"0,05",NULL,NULL,0,0,0,0,0,0,NULL,NULL,0,NULL,NULL,0,0
362,epaisseur_terre_vegetale_espace_vert_MIN,1314,NULL,NULL,"0,8",NULL,NULL,0,0,0,0,0,0,NULL,NULL,0,NULL,NULL,0,0
363,NULL,NULL,NULL,NULL,NULL,NULL,NULL,0,0,0,0,1,0,NULL,NULL,0,NULL,NULL,0,0
364,hauteur_arbres_a_implantation_MIN,1320,NULL,NULL,"2,4",NULL,NULL,0,0,0,0,0,0,NULL,NULL,0,NULL,NULL,0,0
365,nombre_arbre_MIN,1404,NULL,NULL,NULL,ENT( X / 200 ) + 1,NULL,0,0,0,0,0,0,NULL,NULL,0,NULL,NULL,0,0
366,NULL,NULL,NULL,NULL,NULL,NULL,NULL,0,0,0,0,1,0,NULL,NULL,0,NULL,NULL,0,0
367,NULL,NULL,NULL,NULL,NULL,NULL,NULL,0,0,0,0,1,0,NULL,NULL,0,NULL,NULL,0,0
368,NULL,NULL,NULL,NULL,NULL,NULL,NULL,0,0,0,0,1,0,NULL,NULL,0,NULL,NULL,0,0
369,marge_recul_arbre,1412,NULL,NULL,5,NULL,NULL,0,0,0,0,0,0,NULL,NULL,0,NULL,NULL,0,0
37,accessible_par_servitude_passage_OBL,1010,TRUE,NULL,NULL,NULL,NULL,0,0,0,0,0,0,NULL,NULL,0,NULL,NULL,0,0
370,NULL,NULL,NULL,NULL,NULL,NULL,NULL,0,0,0,0,0,1,NULL,NULL,0,NULL,NULL,0,0
371,NULL,NULL,NULL,NULL,NULL,NULL,NULL,0,0,1,0,0,0,NULL,NULL,0,NULL,NULL,0,0
372,NULL,NULL,NULL,NULL,NULL,NULL,NULL,0,0,0,0,1,0,NULL,NULL,0,NULL,NULL,0,0
373,NULL,NULL,NULL,NULL,NULL,NULL,NULL,0,0,0,0,1,0,NULL,NULL,0,NULL,NULL,0,0
374,connexion_reseau_haut_debit_OBL,1142,TRUE,NULL,NULL,NULL,NULL,0,0,0,0,0,0,NULL,NULL,0,NULL,NULL,0,0
375,connexion_reseau_haut_debit_OBL,1142,TRUE,NULL,NULL,NULL,NULL,0,0,0,0,0,0,NULL,NULL,0,NULL,NULL,0,0
376,connexion_reseau_haut_debit_OBL,1142,TRUE,NULL,NULL,NULL,NULL,0,0,0,0,0,0,NULL,NULL,0,NULL,NULL,0,0
38,NULL,NULL,NULL,NULL,NULL,NULL,NULL,0,0,0,0,1,0,NULL,NULL,0,NULL,NULL,0,0
39,NULL,NULL,NULL,NULL,NULL,NULL,NULL,0,0,0,0,0,1,NULL,NULL,0,NULL,NULL,0,0
4,NULL,NULL,NULL,NULL,NULL,NULL,NULL,0,0,0,0,1,0,NULL,NULL,0,NULL,NULL,0,0
40,NULL,NULL,NULL,NULL,NULL,NULL,NULL,0,0,0,0,1,0,NULL,NULL,0,NULL,NULL,0,0
41,NULL,NULL,NULL,NULL,NULL,NULL,NULL,0,0,0,0,0,1,NULL,NULL,0,NULL,NULL,0,0
42,NULL,NULL,NULL,NULL,NULL,NULL,NULL,0,0,0,0,1,0,NULL,NULL,0,NULL,NULL,0,0
43,NULL,NULL,NULL,NULL,NULL,NULL,NULL,0,0,0,0,1,0,NULL,NULL,0,NULL,NULL,0,0
44,hauteur_libre_sous_porche_MIN,1155,NULL,NULL,5,NULL,NULL,0,0,0,0,0,0,NULL,NULL,0,NULL,NULL,0,0
45,emprise_voie_acces_terrain_MIN,1152,NULL,NULL,3,NULL,NULL,0,0,0,0,0,0,NULL,NULL,0,NULL,NULL,0,0
46,emprise_voie_acces_terrain_MIN,1152,NULL,NULL,4,NULL,NULL,0,0,0,0,0,0,NULL,NULL,0,NULL,NULL,0,0
47,NULL,NULL,NULL,NULL,NULL,NULL,NULL,0,0,0,0,0,1,NULL,NULL,0,NULL,NULL,0,0
48,emprise_voie_acces_terrain_MIN,1152,NULL,NULL,4,NULL,NULL,0,0,0,0,0,0,NULL,NULL,0,NULL,NULL,0,0
49,emprise_voie_acces_terrain_MIN,1152,NULL,NULL,4,NULL,NULL,0,0,0,0,0,0,NULL,NULL,0,NULL,NULL,0,0
5,NULL,NULL,NULL,NULL,NULL,NULL,NULL,0,0,0,0,0,1,NULL,NULL,0,NULL,NULL,0,0
50,emprise_voie_acces_terrain_MIN,1152,NULL,NULL,4,NULL,NULL,0,0,0,0,0,0,NULL,NULL,0,NULL,NULL,0,0
51,emprise_voie_acces_terrain_MIN,1152,NULL,NULL,4,NULL,NULL,0,0,0,0,0,0,NULL,NULL,0,NULL,NULL,0,0
52,emprise_voie_acces_terrain_MIN,1152,NULL,NULL,4,NULL,NULL,0,0,0,0,0,0,NULL,NULL,0,NULL,NULL,0,0
53,emprise_voie_acces_terrain_MIN,1152,NULL,NULL,4,NULL,NULL,0,0,0,0,0,0,NULL,NULL,0,NULL,NULL,0,0
54,emprise_voie_acces_terrain_MIN,1152,NULL,NULL,4,NULL,NULL,0,0,0,0,0,0,NULL,NULL,0,NULL,NULL,0,0
55,emprise_voie_acces_terrain_MIN,1152,NULL,NULL,4,NULL,NULL,0,0,0,0,0,0,NULL,NULL,0,NULL,NULL,0,0
56,NULL,NULL,NULL,NULL,NULL,NULL,NULL,0,0,0,0,0,1,NULL,NULL,0,NULL,NULL,0,0
57,NULL,NULL,NULL,NULL,NULL,NULL,NULL,0,0,0,0,0,1,NULL,NULL,0,NULL,NULL,0,0
58,NULL,NULL,NULL,NULL,NULL,NULL,NULL,0,0,0,0,0,1,NULL,NULL,0,NULL,NULL,0,0
59,NULL,NULL,NULL,NULL,NULL,NULL,NULL,0,0,0,0,0,1,NULL,NULL,0,NULL,NULL,0,0
6,NULL,NULL,NULL,NULL,NULL,NULL,NULL,1,0,0,0,0,0,NULL,NULL,0,NULL,NULL,0,0
60,NULL,NULL,NULL,NULL,NULL,NULL,NULL,0,0,0,0,0,1,NULL,NULL,0,NULL,NULL,0,0
61,NULL,NULL,NULL,NULL,NULL,NULL,NULL,0,0,0,0,0,1,NULL,NULL,0,NULL,NULL,0,0
62,NULL,NULL,NULL,NULL,NULL,NULL,NULL,0,0,0,0,0,1,NULL,NULL,0,NULL,NULL,0,0
63,NULL,NULL,NULL,NULL,NULL,NULL,NULL,0,0,0,0,0,1,NULL,NULL,0,NULL,NULL,0,0
64,NULL,NULL,NULL,NULL,NULL,NULL,NULL,0,0,0,0,1,0,NULL,NULL,0,NULL,NULL,0,0
65,NULL,NULL,NULL,NULL,NULL,NULL,NULL,0,0,0,0,1,0,NULL,NULL,0,NULL,NULL,0,0
66,NULL,NULL,NULL,NULL,NULL,NULL,NULL,0,0,0,0,1,0,NULL,NULL,0,NULL,NULL,0,0
67,NULL,NULL,NULL,NULL,NULL,NULL,NULL,0,0,0,0,1,0,NULL,NULL,0,NULL,NULL,0,0
68,NULL,NULL,NULL,NULL,NULL,NULL,NULL,0,0,0,0,1,0,NULL,NULL,0,NULL,NULL,0,0
69,NULL,NULL,NULL,NULL,NULL,NULL,NULL,0,0,0,0,1,0,NULL,NULL,0,NULL,NULL,0,0
7,NULL,NULL,NULL,NULL,NULL,NULL,NULL,1,0,0,0,0,0,NULL,NULL,0,NULL,NULL,0,0
70,NULL,NULL,NULL,NULL,NULL,NULL,NULL,0,0,0,0,1,0,NULL,NULL,0,NULL,NULL,0,0
71,NULL,NULL,NULL,NULL,NULL,NULL,NULL,0,0,0,0,1,0,NULL,NULL,0,NULL,NULL,0,0
72,NULL,NULL,NULL,NULL,NULL,NULL,NULL,0,0,0,0,1,0,NULL,NULL,0,NULL,NULL,0,0
73,raccordement_reseau_eau_potable_OBL,1036,TRUE,NULL,NULL,NULL,NULL,0,0,0,0,0,0,NULL,NULL,0,NULL,NULL,0,0
74,raccordement_reseau_electricite_OBL,1042,TRUE,NULL,NULL,NULL,NULL,0,0,0,0,0,0,NULL,NULL,0,NULL,NULL,0,0
75,raccordement_reseau_assainissement_OBL,1038,TRUE,NULL,NULL,NULL,NULL,0,0,0,0,0,0,NULL,NULL,0,NULL,NULL,0,0
76,raccordement_reseau_eau_potable_OBL,1036,TRUE,NULL,NULL,NULL,NULL,0,0,0,0,0,0,NULL,NULL,0,NULL,NULL,0,0
77,NULL,NULL,NULL,NULL,NULL,NULL,NULL,0,0,0,0,0,1,NULL,NULL,0,NULL,NULL,0,0
78,NULL,NULL,NULL,NULL,NULL,NULL,NULL,0,0,0,0,1,0,NULL,NULL,0,NULL,NULL,0,0
79,NULL,NULL,NULL,NULL,NULL,NULL,NULL,0,0,0,0,0,1,NULL,NULL,0,NULL,NULL,0,0
8,NULL,NULL,NULL,NULL,NULL,NULL,NULL,1,0,0,0,0,0,NULL,NULL,0,NULL,NULL,0,0
80,NULL,NULL,NULL,NULL,NULL,NULL,NULL,0,0,0,0,1,0,NULL,NULL,0,NULL,NULL,0,0
81,NULL,NULL,NULL,NULL,NULL,NULL,NULL,0,0,0,0,1,0,NULL,NULL,0,NULL,NULL,0,0
82,NULL,NULL,NULL,NULL,NULL,NULL,NULL,0,0,0,0,0,1,NULL,NULL,0,NULL,NULL,0,0
83,NULL,NULL,NULL,NULL,NULL,NULL,NULL,0,0,0,0,1,0,NULL,NULL,0,NULL,NULL,0,0
84,NULL,NULL,NULL,NULL,NULL,NULL,NULL,0,0,0,0,1,0,NULL,NULL,0,NULL,NULL,0,0
85,debit_rejet_reseau_assainissement_MAX,1205,NULL,NULL,2,NULL,NULL,0,0,0,0,0,0,NULL,NULL,0,NULL,NULL,0,0
86,NULL,NULL,NULL,NULL,NULL,NULL,NULL,0,0,0,0,1,0,NULL,NULL,0,NULL,NULL,0,0
87,rejet_infiltration_pretraite_OBL,1040,TRUE,NULL,NULL,NULL,NULL,0,0,0,0,0,0,NULL,NULL,0,NULL,NULL,0,0
88,raccordement_reseau_electricite_methode_OBL_1,1483,TRUE,NULL,NULL,NULL,NULL,0,0,0,0,0,0,NULL,NULL,0,NULL,NULL,0,0
89,raccordement_reseau_electricite_methode_AUT_2,1482,TRUE,NULL,NULL,NULL,NULL,0,0,0,0,0,0,NULL,NULL,0,NULL,NULL,0,0
9,NULL,NULL,NULL,NULL,NULL,NULL,NULL,1,0,0,0,0,0,NULL,NULL,0,NULL,NULL,0,0
90,NULL,NULL,NULL,NULL,NULL,NULL,NULL,0,0,0,0,1,0,NULL,NULL,0,NULL,NULL,0,0
91,implantation_alignement_6_AUT,1043,TRUE,NULL,NULL,NULL,NULL,0,0,0,0,0,0,NULL,NULL,0,NULL,NULL,0,0
92,implantation_retrait_6_AUT,1045,TRUE,NULL,NULL,NULL,NULL,0,0,0,0,0,0,NULL,NULL,0,NULL,NULL,0,0
93,marge_retrait_6,1505,NULL,NULL,3,NULL,NULL,0,0,0,0,0,0,NULL,NULL,0,NULL,NULL,0,0
94,implantation_alignement_6_OBL,1044,TRUE,NULL,NULL,NULL,NULL,0,0,0,0,0,0,NULL,NULL,0,NULL,NULL,0,0
95,implantation_alignement_6_OBL,1044,TRUE,NULL,NULL,NULL,NULL,0,0,0,0,0,0,NULL,NULL,0,NULL,NULL,0,0
96,implantation_retrait_6_OBL,1046,TRUE,NULL,NULL,NULL,NULL,0,0,0,0,0,0,NULL,NULL,0,NULL,NULL,0,0
97,NULL,NULL,NULL,NULL,NULL,NULL,NULL,0,1,0,0,0,0,NULL,NULL,0,NULL,NULL,0,0
98,NULL,NULL,NULL,NULL,NULL,NULL,NULL,0,1,0,0,0,0,NULL,NULL,0,NULL,NULL,0,0
99,NULL,NULL,NULL,NULL,NULL,NULL,NULL,0,0,0,0,1,0,NULL,NULL,0,NULL,NULL,0,0